team_id,team_name,three_letter_code,team_three_letter_code,team_short_name,counter_attacks,substitutions_in,substitutions_out,cards_yellow,cards_yellow_red,cards_red,sendings_off,offsides,fouls_against_opponent,fouls_other,fouls_hand_ball,fouls_sum,other_player_actions,shots_at_goal_successfull,goals,shots_at_goal_held,shots_at_goal_wide,shots_at_goal_crossbar,shots_at_goal_post,shots_at_goal_blocked,shots_at_goal_other,shots_at_goal_failed,shots_at_goal_right_leg,shots_at_goal_left_leg,shots_at_goal_head,shots_at_goal_body,shots_at_goal_no_head,shots_at_goal_sum,shots_at_goal_inside_box,shots_at_goal_outside_box,assists,second_assists,first_and_second_assists,passes_from_play_successful,passes_from_play_not_successful,passes_from_play_sum,passes_from_standards_successful,passes_from_standards_not_successful,passes_from_standards_sum,passes_successful_sum,passes_not_successful_sum,passes_sum,crosses_from_play_successful,crosses_from_play_not_successful,crosses_from_play_sum,crosses_from_standards_successful,crosses_from_standards_not_successful,crosses_from_standards_sum,crosses_successful_sum,crosses_not_successful_sum,crosses_sum,passes_and_crosses_from_play_successful,passes_and_crosses_from_play_not_successful,passes_and_crosses_from_play_sum,passes_and_crosses_from_standards_successful,passes_and_crosses_from_standards_not_successful,passes_and_crosses_from_standards_sum,passes_and_crosses_successful_sum,passes_and_crosses_not_successful_sum,passes_and_crosses_sum,own_goals,own_goals_prevented,defensive_clearances,abandonments_of_ball,other_ball_actions,throw_ins,penalties_successful,penalties_not_successful,penalties_sum,corner_kicks_left,corner_kicks_right,corner_kicks_sum,free_kicks_direct,free_kicks_indirect,free_kicks_sum,kickoffs_after_goal,kickoffs,ball_control_phases,tackling_games_air_won,tackling_games_air_lost,tackling_games_air_sum,ball_actions,game_openings_throwout,game_openings_hand,game_openings_successful,game_openings_not_successful,game_openings_sum,goalkeeper_saves,interceptions_left,interceptions_right,interceptions_held,interceptions_fisted,interceptions_rebounded,interceptions_cross,interceptions_corner,interceptions_sum,distance_covered,maximum_speed,goal_opportunities,chances,sitters,setups_origin_left,setups_origin_inside_left,setups_origin_inside_right,setups_origin_right,nutmegs,shots_on_target,spectacular_plays,shots_on_goal_suffered,fouls_suffered,passes_from_open_play_short,passes_from_open_play_short_successful_ratio,passes_from_open_play_medium,passes_from_open_play_medium_successful_ratio,passes_from_open_play_long,passes_from_open_play_long_successful_ratio,penalties_saved,penalties_caused,goals_conceded,shots_faced,xG,xG_efficiency,playing_time_gross,playing_time_net,shots_conversion_rate,passes_from_play_conversion_rate,passes_from_standards_conversion_rate,passes_conversion_rate,crosses_from_standards_conversion_rate,crosses_conversion_rate,crosses_from_play_conversion_rate,penalty_conversion_rate,matches_played,matches_played_tracking,clean_sheets,advanced_stats_advanced_statsball_recovery_time,advanced_stats_advanced_statsball_recovery_time_rank,advanced_stats_advanced_statspasses_from_open_play_successful,advanced_stats_advanced_statsx_pass,advanced_stats_advanced_statspassing_performance,advanced_stats_advanced_statspassing_performance_rank,advanced_stats_advanced_statsdifficult_passes,advanced_stats_advanced_statsdifficult_passes_successful_ratio,advanced_stats_advanced_statsdifficult_passes_share,xg_rankings_xg_rankingsseason_xg_rankings_xg_rankingsseasonrank,xg_rankings_xg_rankingsseason_xg_rankings_xg_rankingsseasonabsolute,xg_rankings_xg_rankingsseason_xg_rankings_xg_rankingsseasonx_goals,xg_rankings_xg_rankingsseason_xg_rankings_xg_rankingsseasongoals,xg_rankings_xg_rankingslast5matches_xg_rankings_xg_rankingslast5matchesrank,xg_rankings_xg_rankingslast5matches_xg_rankings_xg_rankingslast5matchesabsolute,xg_rankings_xg_rankingslast5matches_xg_rankings_xg_rankingslast5matchesx_goals,xg_rankings_xg_rankingslast5matches_xg_rankings_xg_rankingslast5matchesgoals,possession_time,possession_ratio,competition,competition_id,season,season_id,match_day,match_day_id
MLS-CLU-000008,Inter Miami CF,MIA,MIA,Miami,7,144,144,80,1,3,0,54,369,1,18,388,6,81,81,115,113,4,6,117,14,369,185,221,44,0,406,450,286,164,60,24,84,16329,2335,18664,737,77,814,17066,2412,19478,61,180,241,27,70,97,88,250,338,16390,2515,19086,764,147,1411,17154,2662,20497,1,0,158,5,2857,500,2,2,4,80,90,170,377,63,440,55,89,23968,293,266,559,24138,181,22,192,11,203,109,12,16,18,7,3,22,6,28,3624963.05,35.1,382,335,47,78,137,168,67,29,199,38,402,356,5370,91.99,11896,88.8,1398,59.01,0,1,55,177,67.7205,13.2795,202960,126354,0.18,0.87,0.91,0.88,0.28,0.26,0.25,0.5,34,34,6,17,12,16487,15962.97,524.03,2,4233,0.58,0.23,1,12.02,68.98,81,6,1.38,17.62,19,69413,54.94,Major League Soccer - Regular Season,MLS-COM-000001,2025,MLS-SEA-0001K9,39,MLS-DAY-004CA3
MLS-CLU-00000F,Chicago Fire FC,CHI,CHI,Chicago,10,155,155,68,1,2,0,56,390,1,13,404,4,67,68,123,124,4,7,125,17,400,260,144,62,1,405,467,290,177,51,21,72,13254,2282,15536,690,142,832,13944,2424,16368,25,118,143,46,95,141,71,213,284,13279,2400,15827,740,237,1521,14015,2637,17348,3,1,241,6,3076,545,5,1,6,74,81,155,381,68,449,60,94,21142,385,359,744,21295,152,15,154,13,167,103,12,22,22,9,3,30,4,34,3911500.74,35.65,389,355,34,102,148,130,87,22,193,26,455,370,5164,92.23,9235,86.04,1137,47.93,2,10,60,173,64.1539,3.8461,204378,121243,0.14,0.85,0.83,0.85,0.33,0.25,0.17,0.83,34,34,6,17.8,20,13394,13277.76,116.24,15,3523,0.51,0.22,2,3.86,64.14,68,2,2.77,12.23,15,58969,48.64,Major League Soccer - Regular Season,MLS-COM-000001,2025,MLS-SEA-0001K9,39,MLS-DAY-004CA3
MLS-CLU-00000C,Vancouver Whitecaps FC,VAN,VAN,Vancouver,4,153,153,67,2,1,0,39,429,3,23,455,9,65,66,110,138,4,8,140,34,434,268,136,89,6,410,499,358,141,47,18,65,13596,2006,15602,634,130,764,14230,2136,16366,86,198,284,66,128,194,152,326,478,13682,2204,16010,700,258,1502,14382,2462,17512,0,3,224,2,3141,547,8,3,11,87,115,202,396,61,457,38,72,21380,380,350,730,21511,124,26,129,21,150,88,20,18,23,11,4,25,13,38,3890279.44,36.59,419,378,41,130,122,109,138,25,178,14,358,396,4087,92.46,10194,89.13,1321,55.34,1,5,38,133,76.1504,-10.1504,204944,117285,0.13,0.87,0.83,0.87,0.34,0.32,0.3,0.73,34,34,13,16.6,8,13706,13443.72,262.28,4,3316,0.54,0.21,23,-10.06,76.06,66,18,-1.08,11.08,10,61673,52.58,Major League Soccer - Regular Season,MLS-COM-000001,2025,MLS-SEA-0001K9,39,MLS-DAY-004CA3
MLS-CLU-000001,Los Angeles Football Club,LAFC,LAFC,LAFC,10,151,151,57,1,1,1,52,393,0,18,411,4,65,65,127,140,3,9,118,19,416,257,181,42,1,439,481,301,180,37,16,53,15697,2120,17817,576,142,718,16273,2262,18535,33,131,164,34,102,136,67,233,300,15730,2251,18122,610,244,1386,16340,2495,19508,2,0,212,3,3085,533,7,2,9,80,76,156,390,31,421,40,74,23291,317,299,616,23471,141,51,148,44,192,79,14,7,11,8,2,15,6,21,3922263.67,36.43,416,373,43,81,175,128,97,24,197,26,365,388,5685,93.21,11014,89.3,1118,50.36,0,4,40,128,67.2805,-2.2805,203765,125854,0.14,0.88,0.8,0.88,0.25,0.22,0.2,0.78,34,34,12,18.3,28,15825,15606.77,218.23,7,3417,0.52,0.19,9,-2.6,67.6,65,17,-1.02,10.02,9,63857,50.74,Major League Soccer - Regular Season,MLS-COM-000001,2025,MLS-SEA-0001K9,39,MLS-DAY-004CA3
MLS-CLU-000065,San Diego FC,SD,SD,San Diego,11,148,148,66,1,0,0,66,391,1,23,415,7,64,64,107,132,3,3,126,15,386,195,203,52,0,398,450,281,169,53,24,77,17457,2346,19803,764,79,843,18221,2425,20646,51,169,220,41,98,139,92,267,359,17508,2515,20183,809,177,1540,18313,2692,21723,2,1,160,4,2953,558,5,1,6,103,74,177,448,77,525,41,75,25294,269,253,522,25437,164,7,163,8,171,102,19,10,15,12,2,18,11,29,4054418.43,34.93,379,343,36,84,132,156,78,11,173,22,382,432,7016,95,11493,88.09,1294,51.62,1,7,41,152,60.7287,3.2713,206024,125014,0.14,0.88,0.91,0.88,0.29,0.26,0.23,0.83,34,34,11,15.1,3,17605,17316.92,288.08,3,3817,0.53,0.19,4,2.99,61.01,64,22,-3.23,14.23,11,72617,58.09,Major League Soccer - Regular Season,MLS-COM-000001,2025,MLS-SEA-0001K9,39,MLS-DAY-004CA3
MLS-CLU-00000O,Orlando City,ORL,ORL,Orlando,9,145,145,72,2,2,1,54,333,0,17,350,5,63,63,132,168,4,12,149,23,488,220,247,84,0,467,551,363,188,45,19,64,12271,2138,14409,721,134,855,12992,2272,15264,67,152,219,65,75,140,132,227,359,12338,2290,14722,786,209,1471,13124,2499,16193,1,1,248,2,2888,476,3,0,3,83,72,155,433,58,491,51,85,19883,385,384,769,20047,94,78,120,52,172,109,17,11,15,9,4,13,15,28,3842463.72,36.14,468,432,36,119,167,151,114,21,198,19,441,415,4740,93.23,8458,85.79,1211,49.22,0,4,51,169,65.916,-2.916,205023,120869,0.11,0.85,0.84,0.85,0.46,0.37,0.31,1,34,34,8,18.1,23,12212,12000.64,211.36,10,3544,0.54,0.25,8,-1.94,64.94,63,19,-1.71,9.71,8,58459,48.37,Major League Soccer - Regular Season,MLS-COM-000001,2025,MLS-SEA-0001K9,39,MLS-DAY-004CA3
MLS-CLU-00000Q,San Jose Earthquakes,SJ,SJ,San Jose,2,162,162,81,4,0,0,65,380,4,28,412,11,58,60,133,173,8,1,138,26,479,299,131,107,0,430,537,355,182,41,16,57,11357,2459,13816,700,171,871,12057,2630,14687,85,225,310,63,121,184,148,346,494,11442,2684,14278,764,292,1704,12205,2976,15982,2,2,245,2,3518,649,5,0,5,76,124,200,430,103,533,63,97,20287,486,413,899,20453,153,61,177,37,214,114,17,13,13,14,3,20,10,30,3775132.82,35.92,445,412,33,110,99,147,181,27,195,21,426,424,3486,89.96,8939,84.69,1391,46.8,0,2,63,184,69.2944,-9.2944,205087,115217,0.11,0.82,0.8,0.82,0.34,0.3,0.27,1,34,34,5,14.6,2,11377,11301.62,75.38,21,3798,0.5,0.28,21,-9.29,69.29,60,28,-4.61,12.61,8,57784,50.15,Major League Soccer - Regular Season,MLS-COM-000001,2025,MLS-SEA-0001K9,39,MLS-DAY-004CA3
MLS-CLU-000009,Nashville SC,NSH,NSH,Nashville,5,149,149,60,0,1,0,72,417,2,33,452,5,57,58,138,125,3,12,108,22,408,240,121,101,3,364,465,329,136,40,23,63,13458,2146,15604,608,96,704,14066,2242,16308,54,159,213,68,107,175,122,266,388,13512,2305,15993,678,203,1502,14188,2508,17495,1,1,220,1,3016,623,8,3,11,77,106,183,331,53,384,45,79,21200,399,384,783,21325,178,25,187,16,203,94,17,8,21,3,1,18,7,25,3985341.89,35.46,394,350,44,99,97,109,160,15,195,23,382,335,4418,93.14,9849,88.02,1337,50.41,2,5,45,153,70.4672,-12.4672,204247,121523,0.12,0.86,0.86,0.86,0.39,0.31,0.25,0.73,34,34,9,18,22,13635,13417.73,217.27,8,3561,0.52,0.23,25,-12.47,70.47,58,30,-4.79,14.79,10,61059,50.24,Major League Soccer - Regular Season,MLS-COM-000001,2025,MLS-SEA-0001K9,39,MLS-DAY-004CA3
MLS-CLU-000002,Philadelphia Union,PHI,PHI,Philadelphia,3,150,150,89,2,2,0,49,482,2,13,497,10,56,57,115,167,5,2,158,21,468,269,167,88,0,436,524,318,206,42,19,61,9974,2702,12676,576,205,781,10550,2907,13457,88,244,332,63,128,191,151,372,523,10062,2946,13104,641,333,1714,10701,3279,14818,0,0,201,2,3380,740,2,2,4,89,121,210,413,56,469,35,69,18925,593,537,1130,19038,98,20,101,17,118,73,6,12,9,8,1,10,8,18,3836785.21,35.14,432,396,36,145,112,126,141,23,173,12,349,405,3384,90.16,7961,79.88,1331,42.37,0,5,35,128,67.3832,-10.3832,204299,108330,0.11,0.79,0.74,0.78,0.33,0.29,0.27,0.5,34,34,14,14.6,1,10051,9887.16,163.84,11,4506,0.52,0.35,20,-8.74,65.74,57,11,-0.12,8.12,8,51101,47.17,Major League Soccer - Regular Season,MLS-COM-000001,2025,MLS-SEA-0001K9,39,MLS-DAY-004CA3
MLS-CLU-00000S,Seattle Sounders FC,SEA,SEA,Seattle,7,153,153,57,2,4,0,73,348,2,27,377,3,56,58,116,144,3,5,126,36,430,295,99,92,0,394,486,322,164,46,27,73,14784,2260,17044,722,133,855,15506,2393,17899,77,218,295,53,95,148,130,313,443,14861,2478,17490,775,228,1512,15636,2706,19002,4,0,221,4,3082,510,4,1,5,76,105,181,449,41,490,48,82,22799,359,319,678,22969,151,19,150,20,170,110,20,12,20,9,3,20,12,32,3916631.44,35.15,424,385,39,106,144,123,113,19,176,14,414,423,4916,93.78,10891,87.82,1237,49.23,0,7,48,165,65.9618,-7.9618,203790,123533,0.12,0.87,0.84,0.87,0.36,0.29,0.26,0.8,34,34,9,16.6,9,14919,14809.04,109.96,17,3359,0.51,0.2,18,-8.05,66.05,58,26,-4.11,12.11,8,65576,53.08,Major League Soccer - Regular Season,MLS-COM-000001,2025,MLS-SEA-0001K9,39,MLS-DAY-004CA3
MLS-CLU-00000I,Charlotte FC,CLT,CLT,Charlotte,5,135,135,66,1,2,0,47,353,0,21,374,2,54,55,88,122,4,2,76,12,304,180,120,57,1,301,358,253,105,38,16,54,12903,2092,14995,737,105,842,13640,2197,15837,46,165,211,30,78,108,76,243,319,12949,2257,15379,768,183,1543,13716,2440,16922,0,1,295,3,2950,594,4,1,5,57,76,133,409,57,466,46,80,20528,325,324,649,20686,174,32,180,26,206,138,11,18,21,6,2,22,7,29,3775195.92,35.62,316,278,38,65,109,108,76,10,145,14,519,398,3896,92.02,9600,89.3,1499,49.7,1,9,46,195,57.7416,-2.7416,203633,123823,0.15,0.86,0.88,0.86,0.28,0.24,0.22,0.8,34,34,13,19.3,30,13048,12953.54,94.46,19,3274,0.51,0.22,10,-2.74,57.74,55,16,-0.95,7.95,7,58980,47.63,Major League Soccer - Regular Season,MLS-COM-000001,2025,MLS-SEA-0001K9,39,MLS-DAY-004CA3
MLS-CLU-000007,FC Cincinnati,CIN,CIN,Cincinnati,7,157,157,67,1,1,0,58,339,2,11,352,13,52,52,144,132,3,5,119,22,425,258,167,51,1,426,477,276,201,38,9,47,12688,2313,15001,627,148,775,13315,2461,15776,36,120,156,41,94,135,77,214,291,12724,2433,15301,671,242,1523,13392,2675,16824,2,0,255,12,3528,617,3,0,3,71,72,143,394,56,450,40,74,21098,444,383,827,21265,147,23,154,16,170,104,19,22,14,24,3,19,22,41,3767453.22,35.9,400,376,24,80,135,156,106,27,197,28,467,374,3755,91.42,9974,86.61,1272,48.51,1,7,40,154,53.3707,-1.3707,203042,121867,0.11,0.85,0.81,0.84,0.3,0.26,0.23,1,34,34,11,16.9,10,12819,12671.33,147.67,12,3716,0.53,0.25,7,-1.46,53.46,52,4,2.15,9.85,12,60631,49.75,Major League Soccer - Regular Season,MLS-COM-000001,2025,MLS-SEA-0001K9,39,MLS-DAY-004CA3
MLS-CLU-00000E,Columbus Crew,CLB,CLB,Columbus,0,121,121,46,0,1,0,80,318,0,22,340,10,52,55,107,129,0,5,143,14,398,266,140,43,1,407,450,303,147,36,18,54,16857,2165,19022,702,94,796,17559,2259,19818,80,190,270,22,116,138,102,306,408,16937,2355,19453,729,210,1470,17661,2565,20923,1,1,166,3,2837,532,5,0,5,71,97,168,396,92,488,51,85,24380,257,350,607,24526,166,21,169,18,187,88,14,13,15,10,2,18,9,27,4085886.12,35.37,371,340,31,81,132,136,101,16,161,27,349,383,7586,93.57,10540,88.24,896,51.23,0,2,51,143,60.5576,-5.5576,202397,126688,0.12,0.89,0.88,0.89,0.16,0.25,0.3,1,34,34,5,16,6,16967,16424.56,542.44,1,3932,0.59,0.21,16,-5.56,60.56,55,13,-0.77,7.77,7,73787,58.24,Major League Soccer - Regular Season,MLS-COM-000001,2025,MLS-SEA-0001K9,39,MLS-DAY-004CA3
MLS-CLU-00000L,Minnesota United FC,MIN,MIN,Minnesota,4,144,144,63,0,0,0,53,429,2,22,453,5,52,56,116,116,5,4,101,18,360,147,190,73,2,339,412,288,124,40,18,58,8877,2284,11161,517,245,762,9394,2529,11923,39,127,166,56,103,159,95,230,325,8916,2411,11427,573,348,1449,9489,2759,12876,3,0,302,1,3207,528,4,0,4,87,70,157,359,41,400,39,73,16801,510,541,1051,16960,100,81,111,70,181,125,12,16,19,7,2,22,6,28,3752206.02,35.74,353,323,30,109,121,95,87,15,170,24,468,345,3408,89.67,6575,81.58,1178,38.79,1,5,39,174,52.993,3.007,201536,117133,0.13,0.8,0.68,0.79,0.35,0.29,0.23,1,34,34,10,18.8,29,8944,8917.96,26.04,24,3520,0.49,0.31,3,3.01,52.99,56,3,2.16,5.84,8,48870,41.72,Major League Soccer - Regular Season,MLS-COM-000001,2025,MLS-SEA-0001K9,39,MLS-DAY-004CA3
MLS-CLU-000005,FC Dallas,DAL,DAL,Dallas,7,143,143,77,1,4,0,71,422,3,21,446,10,51,52,90,115,6,4,89,18,322,215,95,62,1,311,373,258,115,32,9,41,9631,2322,11953,659,237,896,10290,2559,12849,68,138,206,41,74,115,109,212,321,9699,2460,12292,701,311,1546,10399,2771,13838,1,1,312,2,3375,535,3,2,5,54,73,127,421,57,478,55,89,17901,482,434,916,18084,134,74,155,53,208,123,42,15,28,25,4,32,25,57,3745052.89,35.31,315,281,34,69,94,109,101,28,143,23,505,405,3590,88.41,7293,82.54,1070,40.84,0,8,55,191,51.7345,0.2655,205907,116169,0.14,0.81,0.74,0.8,0.36,0.34,0.33,0.6,34,34,6,18.3,27,9748,9694.69,53.31,23,3660,0.51,0.3,5,0.57,51.43,52,5,1.8,9.2,11,49521,42.63,Major League Soccer - Regular Season,MLS-COM-000001,2025,MLS-SEA-0001K9,39,MLS-DAY-004CA3
MLS-CLU-000004,New York City Football Club,NYC,NYC,New York City,6,144,144,62,1,0,0,46,375,2,20,397,9,49,50,91,128,5,8,125,15,372,241,126,54,0,367,421,267,154,35,13,48,13908,2627,16535,651,107,758,14559,2734,17293,45,182,227,42,108,150,87,290,377,13953,2809,16961,694,215,1599,14646,3024,18560,4,1,239,4,3261,692,5,2,7,90,83,173,364,47,411,44,78,22489,369,397,766,22617,200,9,199,10,209,106,15,12,17,5,5,19,8,27,3837446.56,35.97,341,307,34,94,119,122,86,23,143,15,410,358,5068,92.46,10122,85.81,1345,39.85,1,4,44,151,55.8262,-5.8262,202177,118741,0.12,0.84,0.86,0.84,0.28,0.23,0.2,0.71,34,34,9,15.1,4,14080,13952.52,127.48,14,4166,0.51,0.25,15,-5.28,55.28,50,14,-0.85,9.85,9,62986,53.04,Major League Soccer - Regular Season,MLS-COM-000001,2025,MLS-SEA-0001K9,39,MLS-DAY-004CA3
MLS-CLU-00000B,New York Red Bulls,RBNY,RBNY,New York,2,158,158,79,1,2,1,70,398,1,20,419,13,46,48,90,126,1,7,110,18,352,222,124,52,0,346,398,254,144,31,15,46,13068,2572,15640,539,171,710,13607,2743,16350,54,152,206,32,120,152,86,272,358,13122,2724,16016,572,291,1493,13693,3015,17509,2,0,235,1,3243,630,7,1,8,71,73,144,368,58,426,47,81,21388,455,546,1001,21519,171,22,174,19,193,109,16,13,19,9,1,17,12,29,3942614.14,35.37,314,285,29,84,87,136,91,9,137,24,393,354,4600,90.54,9738,86.28,1302,38.48,1,3,47,161,52.7329,-4.7329,203967,119276,0.12,0.84,0.76,0.83,0.21,0.24,0.26,0.88,34,34,10,15.5,5,13221,13339.27,-118.27,30,3682,0.46,0.23,14,-4.73,52.73,48,10,0.05,5.95,6,61566,51.62,Major League Soccer - Regular Season,MLS-COM-000001,2025,MLS-SEA-0001K9,39,MLS-DAY-004CA3
MLS-CLU-00000G,LA Galaxy,LA,LA,LA Galaxy,6,153,153,71,2,1,0,45,335,4,13,352,13,46,46,110,119,2,6,119,19,375,219,163,37,2,384,421,266,155,32,22,54,15638,2134,17772,702,130,832,16340,2264,18604,48,152,200,29,101,130,77,253,330,15686,2286,18102,732,231,1500,16417,2517,19602,3,4,205,3,2909,537,3,0,3,75,110,185,376,47,423,66,100,23143,250,301,551,23290,131,23,131,23,154,102,23,15,26,10,2,21,17,38,3751534.31,37.89,343,316,27,69,122,119,111,22,157,30,455,351,5736,94.18,10789,89.46,1247,46.83,1,4,66,175,52.472,-6.472,203240,124011,0.11,0.88,0.84,0.88,0.22,0.23,0.24,1,34,34,3,17.3,16,15757,15514.19,242.81,5,3435,0.52,0.19,17,-7.06,53.06,46,20,-2.23,13.23,11,66720,53.8,Major League Soccer - Regular Season,MLS-COM-000001,2025,MLS-SEA-0001K9,39,MLS-DAY-004CA3
MLS-CLU-00001L,St. Louis CITY SC,STL,STL,St. Louis,4,157,157,66,3,1,0,57,374,1,14,389,1,43,44,121,154,4,8,128,27,442,302,89,91,3,394,485,333,152,30,13,43,11561,2317,13878,708,134,842,12269,2451,14720,91,209,300,35,106,141,126,315,441,11652,2526,14340,747,240,1538,12395,2766,15878,2,0,273,2,3009,554,4,0,4,86,77,163,385,39,424,58,92,19651,440,387,827,19817,166,33,171,28,199,120,13,13,11,14,1,13,13,26,3919836.3,35.78,412,386,26,120,124,94,147,21,170,23,525,373,3950,91.29,8704,84.89,1224,46.24,1,9,58,189,57.3382,-13.3382,205914,118464,0.09,0.83,0.84,0.83,0.25,0.29,0.3,1,34,34,6,17.2,14,11461,11364.46,96.54,18,3561,0.51,0.26,26,-13.46,57.46,44,24,-3.85,14.85,11,56644,47.82,Major League Soccer - Regular Season,MLS-COM-000001,2025,MLS-SEA-0001K9,39,MLS-DAY-004CA3
MLS-CLU-00000J,Colorado Rapids,COL,COL,Colorado,4,138,138,62,1,2,0,54,325,3,14,342,13,43,44,99,121,4,7,124,22,377,247,90,81,2,339,420,275,145,28,11,39,10823,2401,13224,593,217,810,11416,2618,14034,53,185,238,45,128,173,98,313,411,10876,2586,13619,640,345,1626,11514,2931,15245,4,0,265,4,3018,641,7,4,11,71,101,172,386,50,436,56,90,18956,361,401,762,19103,159,30,162,27,189,142,21,25,29,15,2,28,18,46,3889789.92,36.04,359,332,27,87,128,99,106,22,146,20,526,380,3671,91.39,8309,84.03,1244,39.07,1,3,56,209,58.6493,-14.6493,202784,118806,0.1,0.82,0.73,0.81,0.26,0.24,0.22,0.64,34,34,7,17.5,18,10772,10774.48,-2.48,28,3653,0.48,0.28,28,-15.02,59.02,44,15,-0.94,6.94,6,54517,45.89,Major League Soccer - Regular Season,MLS-COM-000001,2025,MLS-SEA-0001K9,39,MLS-DAY-004CA3
MLS-CLU-00000K,Sporting Kansas City,SKC,SKC,Kansas City,1,161,161,70,2,1,0,43,379,3,17,399,21,42,46,91,120,6,5,120,14,356,218,126,53,1,345,398,270,128,30,13,43,12410,2285,14695,644,248,892,13054,2533,15587,55,199,254,54,109,163,109,308,417,12465,2484,15074,698,357,1622,13163,2841,16696,2,0,207,2,2967,568,6,1,7,83,79,162,437,79,516,70,104,20273,314,411,725,20422,125,53,132,46,178,120,14,16,12,14,4,24,6,30,3891129.94,35.91,353,330,23,80,117,106,95,16,137,24,493,434,4156,91.31,9246,86.13,1293,50.35,1,9,70,209,48.0874,-2.0874,204471,124649,0.11,0.84,0.72,0.84,0.33,0.26,0.22,0.86,34,34,4,18.3,26,12394,12277.9,116.1,16,3601,0.51,0.25,11,-3.21,48.21,45,23,-3.28,5.28,2,60487,48.53,Major League Soccer - Regular Season,MLS-COM-000001,2025,MLS-SEA-0001K9,39,MLS-DAY-004CA3
MLS-CLU-00000H,Houston Dynamo FC,HOU,HOU,Houston,4,144,144,86,3,2,0,46,477,2,21,500,9,41,43,90,139,1,5,117,35,387,186,123,117,2,311,428,284,144,31,8,39,12917,2073,14990,661,149,810,13578,2222,15800,77,220,297,61,108,169,138,328,466,12994,2293,15426,726,257,1534,13716,2550,16960,1,0,260,1,2849,553,4,0,4,78,93,171,442,48,490,55,89,20501,383,365,748,20608,143,8,144,7,151,96,15,22,13,20,4,23,14,37,3941376.24,36.59,343,322,21,112,103,87,126,17,132,32,422,428,5301,93.3,8526,87.37,1163,44.88,1,4,56,162,52.3856,-9.3856,206641,116449,0.1,0.86,0.82,0.86,0.36,0.3,0.26,1,34,34,10,17.6,19,13047,12832.39,214.61,9,3317,0.52,0.22,22,-9.39,52.39,43,25,-3.99,8.99,5,58792,50.49,Major League Soccer - Regular Season,MLS-COM-000001,2025,MLS-SEA-0001K9,39,MLS-DAY-004CA3
MLS-CLU-00000N,New England Revolution,NE,NE,New England,4,122,122,69,0,1,0,69,384,0,29,413,3,40,44,110,136,3,5,108,18,380,183,162,75,0,345,420,258,162,27,10,37,12628,2201,14829,699,178,877,13327,2379,15706,79,298,377,46,98,144,125,396,521,12707,2499,15330,745,276,1578,13452,2775,16908,1,3,267,5,3211,559,5,0,5,78,93,171,435,36,471,51,85,20812,429,459,888,20995,125,27,127,25,152,114,13,18,20,8,3,19,12,31,3804391.35,36.83,344,320,24,90,106,108,116,17,151,11,508,427,4268,91.87,9227,87.47,1334,47.68,0,4,51,174,48.5031,-4.5031,204350,122922,0.1,0.85,0.8,0.85,0.32,0.24,0.21,1,34,34,10,17.1,13,12707,12689.51,17.49,26,3217,0.48,0.22,13,-4.5,48.5,44,9,0.59,5.41,6,62080,50.5,Major League Soccer - Regular Season,MLS-COM-000001,2025,MLS-SEA-0001K9,39,MLS-DAY-004CA3
MLS-CLU-00000P,Portland Timbers,POR,POR,Portland,4,161,161,67,0,1,0,58,362,1,17,380,18,37,41,109,129,5,4,113,19,379,223,130,63,0,353,416,262,154,31,11,42,13424,2289,15713,712,113,825,14136,2402,16538,52,190,242,47,108,155,99,298,397,13476,2479,16107,760,221,1530,14235,2700,17637,1,0,282,1,3198,549,3,1,4,94,79,173,372,90,462,47,81,21535,378,340,718,21673,153,27,159,21,180,116,26,13,20,16,3,19,20,39,3778482.79,35.6,355,335,20,106,107,107,96,13,148,18,471,364,4411,91.2,9939,87.65,1363,50.55,3,6,48,172,45.0054,-4.0054,201779,123896,0.09,0.85,0.86,0.85,0.3,0.25,0.21,0.75,34,34,7,17.4,17,13563,13320.21,242.79,6,3810,0.54,0.24,12,-4.05,45.05,41,21,-3.19,7.19,4,61309,49.48,Major League Soccer - Regular Season,MLS-COM-000001,2025,MLS-SEA-0001K9,39,MLS-DAY-004CA3
MLS-CLU-00000R,Real Salt Lake,RSL,RSL,Salt Lake,4,151,151,88,3,3,0,64,429,1,23,453,5,35,38,123,155,2,4,149,19,452,270,151,66,0,421,487,264,223,24,12,36,13238,2330,15568,740,118,858,13978,2448,16426,69,204,273,41,85,126,110,289,399,13307,2534,15957,781,203,1585,14088,2737,17542,2,0,236,2,2978,601,2,1,3,66,92,158,408,59,467,49,83,21247,316,397,713,21383,116,27,120,23,143,103,13,7,11,7,2,13,7,20,3940614.15,35.71,380,362,18,119,124,122,122,18,159,14,468,394,4409,91.86,9800,86.79,1359,50.26,4,9,49,166,46.329,-8.329,204623,119719,0.07,0.85,0.86,0.85,0.33,0.28,0.25,0.67,34,34,7,16,7,13328,13190.72,137.28,13,3704,0.51,0.24,19,-8.33,46.33,38,1,3.54,6.46,10,62733,52.4,Major League Soccer - Regular Season,MLS-COM-000001,2025,MLS-SEA-0001K9,39,MLS-DAY-004CA3
MLS-CLU-000003,Austin FC,ATX,ATX,Austin,3,164,164,79,1,0,0,65,410,0,24,434,19,35,37,89,135,3,3,100,15,345,233,61,85,1,295,380,238,142,27,9,36,11436,2086,13522,593,199,792,12029,2285,14314,71,189,260,53,83,136,124,272,396,11507,2275,13952,648,282,1433,12153,2557,15385,2,0,281,4,2804,506,1,1,2,74,81,155,380,33,413,45,79,18859,443,438,881,19029,172,27,168,31,199,128,21,13,24,8,2,19,15,34,3776505.88,35.62,321,294,27,76,92,98,114,10,126,30,476,366,3676,92.79,8527,87.25,1319,44.35,1,6,45,184,47.6379,-10.6379,203356,118436,0.09,0.85,0.75,0.84,0.39,0.31,0.27,0.5,34,34,9,18.2,24,11568,11493.48,74.52,22,3189,0.48,0.23,24,-10.64,47.64,37,7,0.86,5.14,6,58003,48.97,Major League Soccer - Regular Season,MLS-COM-000001,2025,MLS-SEA-0001K9,39,MLS-DAY-004CA3
MLS-CLU-00000A,Atlanta United,ATL,ATL,Atlanta,3,154,154,65,0,0,0,64,349,2,22,373,4,34,38,95,132,6,5,108,23,369,145,177,80,1,323,403,268,135,24,12,36,13446,2280,15726,654,113,767,14100,2393,16493,65,242,307,44,104,148,109,346,455,13511,2522,16193,702,217,1489,14209,2739,17682,0,1,194,6,2834,571,4,0,4,75,75,150,358,58,416,63,97,21119,427,401,828,21237,164,21,168,17,185,120,14,16,15,12,3,20,10,30,3949874.27,35.53,324,305,19,78,98,127,100,13,133,18,426,353,4482,91.9,10014,87.85,1229,43.04,0,6,63,191,55.5982,-17.5982,203445,123699,0.08,0.86,0.85,0.85,0.3,0.24,0.21,1,34,34,4,18.3,25,13572,13486.92,85.08,20,3457,0.5,0.22,30,-17.8,55.8,38,29,-4.61,7.61,3,60740,49.1,Major League Soccer - Regular Season,MLS-COM-000001,2025,MLS-SEA-0001K9,39,MLS-DAY-004CA3
MLS-CLU-000006,CF Montréal,MTL,MTL,Montréal,0,158,158,79,0,2,0,57,411,5,16,432,25,34,34,106,124,7,10,99,26,372,147,196,61,2,345,406,265,141,24,12,36,11504,2356,13860,699,131,830,12203,2487,14690,56,192,248,48,103,151,104,295,399,11560,2548,14250,748,234,1550,12307,2782,15800,0,2,206,3,3207,568,3,1,4,95,77,172,457,29,486,60,94,19622,354,415,769,19796,143,22,141,24,165,111,17,20,21,12,4,22,15,37,3769901.14,34.33,332,311,21,97,113,93,103,15,142,15,449,441,3712,90.49,8854,85.44,1294,44.82,0,0,60,182,49.8239,-15.8239,202495,117123,0.08,0.83,0.84,0.83,0.32,0.26,0.23,0.75,34,34,4,17,11,11618,11604.16,13.84,27,3633,0.49,0.26,29,-15.89,49.89,34,27,-4.24,9.24,5,57242,48.87,Major League Soccer - Regular Season,MLS-COM-000001,2025,MLS-SEA-0001K9,39,MLS-DAY-004CA3
MLS-CLU-00000M,Toronto FC,TOR,TOR,Toronto,5,146,146,63,0,1,0,45,383,0,17,400,14,33,37,86,108,2,4,95,13,308,154,131,56,0,285,341,218,123,22,9,31,11040,2172,13212,679,182,861,11719,2354,14073,68,202,270,43,99,142,111,301,412,11108,2374,13612,724,281,1581,11830,2655,15193,0,0,271,5,3245,577,2,1,3,60,76,136,441,62,503,44,78,19056,336,361,697,19240,132,28,135,25,160,118,22,14,18,16,2,16,20,36,3788369.73,35.81,286,273,13,83,69,97,92,27,121,22,428,436,3991,91.28,7978,86.45,1243,40.23,1,5,44,176,37.8708,-0.8708,203471,118440,0.1,0.84,0.79,0.83,0.3,0.27,0.25,0.67,34,34,7,17.8,21,11146,11123.6,22.4,25,3309,0.49,0.25,6,-0.87,37.87,37,8,0.78,7.22,8,55852,47.16,Major League Soccer - Regular Season,MLS-COM-000001,2025,MLS-SEA-0001K9,39,MLS-DAY-004CA3
MLS-CLU-00000D,D.C. United,DC,DC,D.C. United,5,158,158,90,1,3,0,43,469,0,15,484,15,30,30,92,112,5,4,120,16,349,205,92,81,1,298,379,253,126,21,11,32,10440,2483,12923,594,217,811,11034,2700,13734,65,177,242,45,89,134,110,266,376,10505,2660,13320,641,306,1517,11144,2966,14837,2,2,259,2,3085,570,2,1,3,66,78,144,364,80,444,66,100,18565,556,480,1036,18711,157,49,165,41,206,120,21,20,27,11,3,30,11,41,3842765.32,35.28,291,272,19,73,101,96,109,10,122,19,451,345,3593,89.84,7937,83.51,1393,41.92,0,5,66,197,43.9294,-13.9294,202310,116814,0.08,0.81,0.73,0.8,0.34,0.29,0.27,0.67,34,34,4,17.3,15,10580,10625.42,-45.42,29,3706,0.47,0.28,27,-13.93,43.93,30,12,-0.64,4.64,4,54250,46.44,Major League Soccer - Regular Season,MLS-COM-000001,2025,MLS-SEA-0001K9,39,MLS-DAY-004CA3
